<PAMDataset>
  <PAMRasterBand band="1">
    <GDALRasterAttributeTable>
      <FieldDefn index="0">
        <Name>min</Name>
        <Type>1</Type>
        <Usage>3</Usage>
      </FieldDefn>
      <FieldDefn index="1">
        <Name>max</Name>
        <Type>1</Type>
        <Usage>4</Usage>
      </FieldDefn>
      <FieldDefn index="2">
        <Name>redmin</Name>
        <Type>0</Type>
        <Usage>10</Usage>
      </FieldDefn>
      <FieldDefn index="3">
        <Name>redmax</Name>
        <Type>0</Type>
        <Usage>14</Usage>
      </FieldDefn>
      <FieldDefn index="4">
        <Name>greenmin</Name>
        <Type>0</Type>
        <Usage>11</Usage>
      </FieldDefn>
      <FieldDefn index="5">
        <Name>greenmax</Name>
        <Type>0</Type>
        <Usage>15</Usage>
      </FieldDefn>
      <FieldDefn index="6">
        <Name>bluemin</Name>
        <Type>0</Type>
        <Usage>12</Usage>
      </FieldDefn>
      <FieldDefn index="7">
        <Name>bluemax</Name>
        <Type>0</Type>
        <Usage>16</Usage>
      </FieldDefn>
      <Row index="0">
        <F>2142.38536</F>
        <F>2145</F>
        <F>251</F>
        <F>253</F>
        <F>231</F>
        <F>231</F>
        <F>35</F>
        <F>37</F>
      </Row>
      <Row index="1">
        <F>2139.77072</F>
        <F>2142.38536</F>
        <F>248</F>
        <F>251</F>
        <F>230</F>
        <F>231</F>
        <F>33</F>
        <F>35</F>
      </Row>
      <Row index="2">
        <F>2137.156080000001</F>
        <F>2139.77072</F>
        <F>246</F>
        <F>248</F>
        <F>230</F>
        <F>230</F>
        <F>32</F>
        <F>33</F>
      </Row>
      <Row index="3">
        <F>2134.53477</F>
        <F>2137.156080000001</F>
        <F>244</F>
        <F>246</F>
        <F>230</F>
        <F>230</F>
        <F>30</F>
        <F>32</F>
      </Row>
      <Row index="4">
        <F>2131.92013</F>
        <F>2134.53477</F>
        <F>241</F>
        <F>244</F>
        <F>229</F>
        <F>230</F>
        <F>29</F>
        <F>30</F>
      </Row>
      <Row index="5">
        <F>2129.305490000001</F>
        <F>2131.92013</F>
        <F>239</F>
        <F>241</F>
        <F>229</F>
        <F>229</F>
        <F>28</F>
        <F>29</F>
      </Row>
      <Row index="6">
        <F>2126.69085</F>
        <F>2129.305490000001</F>
        <F>236</F>
        <F>239</F>
        <F>229</F>
        <F>229</F>
        <F>27</F>
        <F>28</F>
      </Row>
      <Row index="7">
        <F>2124.07621</F>
        <F>2126.69085</F>
        <F>234</F>
        <F>236</F>
        <F>229</F>
        <F>229</F>
        <F>26</F>
        <F>27</F>
      </Row>
      <Row index="8">
        <F>2121.46157</F>
        <F>2124.07621</F>
        <F>231</F>
        <F>234</F>
        <F>228</F>
        <F>229</F>
        <F>25</F>
        <F>26</F>
      </Row>
      <Row index="9">
        <F>2118.84026</F>
        <F>2121.46157</F>
        <F>229</F>
        <F>231</F>
        <F>228</F>
        <F>228</F>
        <F>25</F>
        <F>25</F>
      </Row>
      <Row index="10">
        <F>2116.225620000001</F>
        <F>2118.84026</F>
        <F>226</F>
        <F>229</F>
        <F>228</F>
        <F>228</F>
        <F>24</F>
        <F>25</F>
      </Row>
      <Row index="11">
        <F>2113.61098</F>
        <F>2116.225620000001</F>
        <F>223</F>
        <F>226</F>
        <F>227</F>
        <F>228</F>
        <F>24</F>
        <F>24</F>
      </Row>
      <Row index="12">
        <F>2110.996340000001</F>
        <F>2113.61098</F>
        <F>221</F>
        <F>223</F>
        <F>227</F>
        <F>227</F>
        <F>24</F>
        <F>24</F>
      </Row>
      <Row index="13">
        <F>2108.3817</F>
        <F>2110.996340000001</F>
        <F>218</F>
        <F>221</F>
        <F>227</F>
        <F>227</F>
        <F>25</F>
        <F>24</F>
      </Row>
      <Row index="14">
        <F>2105.76706</F>
        <F>2108.3817</F>
        <F>216</F>
        <F>218</F>
        <F>226</F>
        <F>227</F>
        <F>25</F>
        <F>25</F>
      </Row>
      <Row index="15">
        <F>2103.145750000001</F>
        <F>2105.76706</F>
        <F>213</F>
        <F>216</F>
        <F>226</F>
        <F>226</F>
        <F>26</F>
        <F>25</F>
      </Row>
      <Row index="16">
        <F>2100.53111</F>
        <F>2103.145750000001</F>
        <F>210</F>
        <F>213</F>
        <F>226</F>
        <F>226</F>
        <F>27</F>
        <F>26</F>
      </Row>
      <Row index="17">
        <F>2097.916470000001</F>
        <F>2100.53111</F>
        <F>208</F>
        <F>210</F>
        <F>225</F>
        <F>226</F>
        <F>28</F>
        <F>27</F>
      </Row>
      <Row index="18">
        <F>2095.30183</F>
        <F>2097.916470000001</F>
        <F>205</F>
        <F>208</F>
        <F>225</F>
        <F>225</F>
        <F>29</F>
        <F>28</F>
      </Row>
      <Row index="19">
        <F>2092.687190000001</F>
        <F>2095.30183</F>
        <F>202</F>
        <F>205</F>
        <F>225</F>
        <F>225</F>
        <F>31</F>
        <F>29</F>
      </Row>
      <Row index="20">
        <F>2090.07255</F>
        <F>2092.687190000001</F>
        <F>200</F>
        <F>202</F>
        <F>224</F>
        <F>225</F>
        <F>32</F>
        <F>31</F>
      </Row>
      <Row index="21">
        <F>2087.457910000001</F>
        <F>2090.07255</F>
        <F>197</F>
        <F>200</F>
        <F>224</F>
        <F>224</F>
        <F>33</F>
        <F>32</F>
      </Row>
      <Row index="22">
        <F>2084.836600000001</F>
        <F>2087.457910000001</F>
        <F>194</F>
        <F>197</F>
        <F>223</F>
        <F>224</F>
        <F>35</F>
        <F>33</F>
      </Row>
      <Row index="23">
        <F>2082.22196</F>
        <F>2084.836600000001</F>
        <F>192</F>
        <F>194</F>
        <F>223</F>
        <F>223</F>
        <F>37</F>
        <F>35</F>
      </Row>
      <Row index="24">
        <F>2079.607320000001</F>
        <F>2082.22196</F>
        <F>189</F>
        <F>192</F>
        <F>223</F>
        <F>223</F>
        <F>38</F>
        <F>37</F>
      </Row>
      <Row index="25">
        <F>2076.99268</F>
        <F>2079.607320000001</F>
        <F>186</F>
        <F>189</F>
        <F>222</F>
        <F>223</F>
        <F>40</F>
        <F>38</F>
      </Row>
      <Row index="26">
        <F>2074.378040000001</F>
        <F>2076.99268</F>
        <F>184</F>
        <F>186</F>
        <F>222</F>
        <F>222</F>
        <F>41</F>
        <F>40</F>
      </Row>
      <Row index="27">
        <F>2071.7634</F>
        <F>2074.378040000001</F>
        <F>181</F>
        <F>184</F>
        <F>222</F>
        <F>222</F>
        <F>43</F>
        <F>41</F>
      </Row>
      <Row index="28">
        <F>2069.14209</F>
        <F>2071.7634</F>
        <F>178</F>
        <F>181</F>
        <F>221</F>
        <F>222</F>
        <F>45</F>
        <F>43</F>
      </Row>
      <Row index="29">
        <F>2066.52745</F>
        <F>2069.14209</F>
        <F>176</F>
        <F>178</F>
        <F>221</F>
        <F>221</F>
        <F>47</F>
        <F>45</F>
      </Row>
      <Row index="30">
        <F>2063.91281</F>
        <F>2066.52745</F>
        <F>173</F>
        <F>176</F>
        <F>220</F>
        <F>221</F>
        <F>48</F>
        <F>47</F>
      </Row>
      <Row index="31">
        <F>2061.29817</F>
        <F>2063.91281</F>
        <F>170</F>
        <F>173</F>
        <F>220</F>
        <F>220</F>
        <F>50</F>
        <F>48</F>
      </Row>
      <Row index="32">
        <F>2058.68353</F>
        <F>2061.29817</F>
        <F>168</F>
        <F>170</F>
        <F>219</F>
        <F>220</F>
        <F>52</F>
        <F>50</F>
      </Row>
      <Row index="33">
        <F>2056.06889</F>
        <F>2058.68353</F>
        <F>165</F>
        <F>168</F>
        <F>219</F>
        <F>219</F>
        <F>54</F>
        <F>52</F>
      </Row>
      <Row index="34">
        <F>2053.45425</F>
        <F>2056.06889</F>
        <F>162</F>
        <F>165</F>
        <F>218</F>
        <F>219</F>
        <F>55</F>
        <F>54</F>
      </Row>
      <Row index="35">
        <F>2050.83294</F>
        <F>2053.45425</F>
        <F>160</F>
        <F>162</F>
        <F>218</F>
        <F>218</F>
        <F>57</F>
        <F>55</F>
      </Row>
      <Row index="36">
        <F>2048.2183</F>
        <F>2050.83294</F>
        <F>157</F>
        <F>160</F>
        <F>217</F>
        <F>218</F>
        <F>59</F>
        <F>57</F>
      </Row>
      <Row index="37">
        <F>2045.60366</F>
        <F>2048.2183</F>
        <F>155</F>
        <F>157</F>
        <F>217</F>
        <F>217</F>
        <F>60</F>
        <F>59</F>
      </Row>
      <Row index="38">
        <F>2042.98902</F>
        <F>2045.60366</F>
        <F>152</F>
        <F>155</F>
        <F>216</F>
        <F>217</F>
        <F>62</F>
        <F>60</F>
      </Row>
      <Row index="39">
        <F>2040.37438</F>
        <F>2042.98902</F>
        <F>149</F>
        <F>152</F>
        <F>216</F>
        <F>216</F>
        <F>64</F>
        <F>62</F>
      </Row>
      <Row index="40">
        <F>2037.75974</F>
        <F>2040.37438</F>
        <F>147</F>
        <F>149</F>
        <F>215</F>
        <F>216</F>
        <F>65</F>
        <F>64</F>
      </Row>
      <Row index="41">
        <F>2035.13843</F>
        <F>2037.75974</F>
        <F>144</F>
        <F>147</F>
        <F>215</F>
        <F>215</F>
        <F>67</F>
        <F>65</F>
      </Row>
      <Row index="42">
        <F>2032.52379</F>
        <F>2035.13843</F>
        <F>142</F>
        <F>144</F>
        <F>214</F>
        <F>215</F>
        <F>69</F>
        <F>67</F>
      </Row>
      <Row index="43">
        <F>2029.90915</F>
        <F>2032.52379</F>
        <F>139</F>
        <F>142</F>
        <F>214</F>
        <F>214</F>
        <F>70</F>
        <F>69</F>
      </Row>
      <Row index="44">
        <F>2027.29451</F>
        <F>2029.90915</F>
        <F>137</F>
        <F>139</F>
        <F>213</F>
        <F>214</F>
        <F>72</F>
        <F>70</F>
      </Row>
      <Row index="45">
        <F>2024.67987</F>
        <F>2027.29451</F>
        <F>134</F>
        <F>137</F>
        <F>213</F>
        <F>213</F>
        <F>73</F>
        <F>72</F>
      </Row>
      <Row index="46">
        <F>2022.06523</F>
        <F>2024.67987</F>
        <F>132</F>
        <F>134</F>
        <F>212</F>
        <F>213</F>
        <F>75</F>
        <F>73</F>
      </Row>
      <Row index="47">
        <F>2019.44392</F>
        <F>2022.06523</F>
        <F>129</F>
        <F>132</F>
        <F>211</F>
        <F>212</F>
        <F>77</F>
        <F>75</F>
      </Row>
      <Row index="48">
        <F>2016.82928</F>
        <F>2019.44392</F>
        <F>127</F>
        <F>129</F>
        <F>211</F>
        <F>211</F>
        <F>78</F>
        <F>77</F>
      </Row>
      <Row index="49">
        <F>2014.21464</F>
        <F>2016.82928</F>
        <F>124</F>
        <F>127</F>
        <F>210</F>
        <F>211</F>
        <F>80</F>
        <F>78</F>
      </Row>
      <Row index="50">
        <F>2011.6</F>
        <F>2014.21464</F>
        <F>122</F>
        <F>124</F>
        <F>209</F>
        <F>210</F>
        <F>81</F>
        <F>80</F>
      </Row>
      <Row index="51">
        <F>2008.98536</F>
        <F>2011.6</F>
        <F>119</F>
        <F>122</F>
        <F>209</F>
        <F>209</F>
        <F>83</F>
        <F>81</F>
      </Row>
      <Row index="52">
        <F>2006.37072</F>
        <F>2008.98536</F>
        <F>117</F>
        <F>119</F>
        <F>208</F>
        <F>209</F>
        <F>84</F>
        <F>83</F>
      </Row>
      <Row index="53">
        <F>2003.75608</F>
        <F>2006.37072</F>
        <F>115</F>
        <F>117</F>
        <F>208</F>
        <F>208</F>
        <F>86</F>
        <F>84</F>
      </Row>
      <Row index="54">
        <F>2001.13477</F>
        <F>2003.75608</F>
        <F>112</F>
        <F>115</F>
        <F>207</F>
        <F>208</F>
        <F>87</F>
        <F>86</F>
      </Row>
      <Row index="55">
        <F>1998.52013</F>
        <F>2001.13477</F>
        <F>110</F>
        <F>112</F>
        <F>206</F>
        <F>207</F>
        <F>88</F>
        <F>87</F>
      </Row>
      <Row index="56">
        <F>1995.90549</F>
        <F>1998.52013</F>
        <F>108</F>
        <F>110</F>
        <F>205</F>
        <F>206</F>
        <F>90</F>
        <F>88</F>
      </Row>
      <Row index="57">
        <F>1993.29085</F>
        <F>1995.90549</F>
        <F>105</F>
        <F>108</F>
        <F>205</F>
        <F>205</F>
        <F>91</F>
        <F>90</F>
      </Row>
      <Row index="58">
        <F>1990.67621</F>
        <F>1993.29085</F>
        <F>103</F>
        <F>105</F>
        <F>204</F>
        <F>205</F>
        <F>92</F>
        <F>91</F>
      </Row>
      <Row index="59">
        <F>1988.06157</F>
        <F>1990.67621</F>
        <F>101</F>
        <F>103</F>
        <F>203</F>
        <F>204</F>
        <F>94</F>
        <F>92</F>
      </Row>
      <Row index="60">
        <F>1985.44026</F>
        <F>1988.06157</F>
        <F>99</F>
        <F>101</F>
        <F>203</F>
        <F>203</F>
        <F>95</F>
        <F>94</F>
      </Row>
      <Row index="61">
        <F>1982.82562</F>
        <F>1985.44026</F>
        <F>96</F>
        <F>99</F>
        <F>202</F>
        <F>203</F>
        <F>96</F>
        <F>95</F>
      </Row>
      <Row index="62">
        <F>1980.21098</F>
        <F>1982.82562</F>
        <F>94</F>
        <F>96</F>
        <F>201</F>
        <F>202</F>
        <F>98</F>
        <F>96</F>
      </Row>
      <Row index="63">
        <F>1977.59634</F>
        <F>1980.21098</F>
        <F>92</F>
        <F>94</F>
        <F>200</F>
        <F>201</F>
        <F>99</F>
        <F>98</F>
      </Row>
      <Row index="64">
        <F>1974.9817</F>
        <F>1977.59634</F>
        <F>90</F>
        <F>92</F>
        <F>200</F>
        <F>200</F>
        <F>100</F>
        <F>99</F>
      </Row>
      <Row index="65">
        <F>1972.36706</F>
        <F>1974.9817</F>
        <F>88</F>
        <F>90</F>
        <F>199</F>
        <F>200</F>
        <F>101</F>
        <F>100</F>
      </Row>
      <Row index="66">
        <F>1969.74575</F>
        <F>1972.36706</F>
        <F>86</F>
        <F>88</F>
        <F>198</F>
        <F>199</F>
        <F>103</F>
        <F>101</F>
      </Row>
      <Row index="67">
        <F>1967.13111</F>
        <F>1969.74575</F>
        <F>84</F>
        <F>86</F>
        <F>197</F>
        <F>198</F>
        <F>104</F>
        <F>103</F>
      </Row>
      <Row index="68">
        <F>1964.51647</F>
        <F>1967.13111</F>
        <F>82</F>
        <F>84</F>
        <F>197</F>
        <F>197</F>
        <F>105</F>
        <F>104</F>
      </Row>
      <Row index="69">
        <F>1961.90183</F>
        <F>1964.51647</F>
        <F>80</F>
        <F>82</F>
        <F>196</F>
        <F>197</F>
        <F>106</F>
        <F>105</F>
      </Row>
      <Row index="70">
        <F>1959.28719</F>
        <F>1961.90183</F>
        <F>78</F>
        <F>80</F>
        <F>195</F>
        <F>196</F>
        <F>107</F>
        <F>106</F>
      </Row>
      <Row index="71">
        <F>1956.67255</F>
        <F>1959.28719</F>
        <F>76</F>
        <F>78</F>
        <F>194</F>
        <F>195</F>
        <F>108</F>
        <F>107</F>
      </Row>
      <Row index="72">
        <F>1954.05791</F>
        <F>1956.67255</F>
        <F>74</F>
        <F>76</F>
        <F>193</F>
        <F>194</F>
        <F>109</F>
        <F>108</F>
      </Row>
      <Row index="73">
        <F>1951.4366</F>
        <F>1954.05791</F>
        <F>72</F>
        <F>74</F>
        <F>193</F>
        <F>193</F>
        <F>110</F>
        <F>109</F>
      </Row>
      <Row index="74">
        <F>1948.82196</F>
        <F>1951.4366</F>
        <F>70</F>
        <F>72</F>
        <F>192</F>
        <F>193</F>
        <F>111</F>
        <F>110</F>
      </Row>
      <Row index="75">
        <F>1946.20732</F>
        <F>1948.82196</F>
        <F>68</F>
        <F>70</F>
        <F>191</F>
        <F>192</F>
        <F>112</F>
        <F>111</F>
      </Row>
      <Row index="76">
        <F>1943.59268</F>
        <F>1946.20732</F>
        <F>66</F>
        <F>68</F>
        <F>190</F>
        <F>191</F>
        <F>113</F>
        <F>112</F>
      </Row>
      <Row index="77">
        <F>1940.97804</F>
        <F>1943.59268</F>
        <F>64</F>
        <F>66</F>
        <F>189</F>
        <F>190</F>
        <F>114</F>
        <F>113</F>
      </Row>
      <Row index="78">
        <F>1938.3634</F>
        <F>1940.97804</F>
        <F>63</F>
        <F>64</F>
        <F>188</F>
        <F>189</F>
        <F>115</F>
        <F>114</F>
      </Row>
      <Row index="79">
        <F>1935.74209</F>
        <F>1938.3634</F>
        <F>61</F>
        <F>63</F>
        <F>188</F>
        <F>188</F>
        <F>116</F>
        <F>115</F>
      </Row>
      <Row index="80">
        <F>1933.12745</F>
        <F>1935.74209</F>
        <F>59</F>
        <F>61</F>
        <F>187</F>
        <F>188</F>
        <F>117</F>
        <F>116</F>
      </Row>
      <Row index="81">
        <F>1930.51281</F>
        <F>1933.12745</F>
        <F>58</F>
        <F>59</F>
        <F>186</F>
        <F>187</F>
        <F>118</F>
        <F>117</F>
      </Row>
      <Row index="82">
        <F>1927.89817</F>
        <F>1930.51281</F>
        <F>56</F>
        <F>58</F>
        <F>185</F>
        <F>186</F>
        <F>119</F>
        <F>118</F>
      </Row>
      <Row index="83">
        <F>1925.28353</F>
        <F>1927.89817</F>
        <F>55</F>
        <F>56</F>
        <F>184</F>
        <F>185</F>
        <F>120</F>
        <F>119</F>
      </Row>
      <Row index="84">
        <F>1922.66889</F>
        <F>1925.28353</F>
        <F>53</F>
        <F>55</F>
        <F>183</F>
        <F>184</F>
        <F>121</F>
        <F>120</F>
      </Row>
      <Row index="85">
        <F>1920.05425</F>
        <F>1922.66889</F>
        <F>52</F>
        <F>53</F>
        <F>182</F>
        <F>183</F>
        <F>121</F>
        <F>121</F>
      </Row>
      <Row index="86">
        <F>1917.43294</F>
        <F>1920.05425</F>
        <F>50</F>
        <F>52</F>
        <F>182</F>
        <F>182</F>
        <F>122</F>
        <F>121</F>
      </Row>
      <Row index="87">
        <F>1914.8183</F>
        <F>1917.43294</F>
        <F>49</F>
        <F>50</F>
        <F>181</F>
        <F>182</F>
        <F>123</F>
        <F>122</F>
      </Row>
      <Row index="88">
        <F>1912.20366</F>
        <F>1914.8183</F>
        <F>47</F>
        <F>49</F>
        <F>180</F>
        <F>181</F>
        <F>124</F>
        <F>123</F>
      </Row>
      <Row index="89">
        <F>1909.58902</F>
        <F>1912.20366</F>
        <F>46</F>
        <F>47</F>
        <F>179</F>
        <F>180</F>
        <F>124</F>
        <F>124</F>
      </Row>
      <Row index="90">
        <F>1906.97438</F>
        <F>1909.58902</F>
        <F>45</F>
        <F>46</F>
        <F>178</F>
        <F>179</F>
        <F>125</F>
        <F>124</F>
      </Row>
      <Row index="91">
        <F>1904.35974</F>
        <F>1906.97438</F>
        <F>44</F>
        <F>45</F>
        <F>177</F>
        <F>178</F>
        <F>126</F>
        <F>125</F>
      </Row>
      <Row index="92">
        <F>1901.73843</F>
        <F>1904.35974</F>
        <F>42</F>
        <F>44</F>
        <F>176</F>
        <F>177</F>
        <F>127</F>
        <F>126</F>
      </Row>
      <Row index="93">
        <F>1899.12379</F>
        <F>1901.73843</F>
        <F>41</F>
        <F>42</F>
        <F>175</F>
        <F>176</F>
        <F>127</F>
        <F>127</F>
      </Row>
      <Row index="94">
        <F>1896.50915</F>
        <F>1899.12379</F>
        <F>40</F>
        <F>41</F>
        <F>174</F>
        <F>175</F>
        <F>128</F>
        <F>127</F>
      </Row>
      <Row index="95">
        <F>1893.89451</F>
        <F>1896.50915</F>
        <F>39</F>
        <F>40</F>
        <F>173</F>
        <F>174</F>
        <F>129</F>
        <F>128</F>
      </Row>
      <Row index="96">
        <F>1891.27987</F>
        <F>1893.89451</F>
        <F>38</F>
        <F>39</F>
        <F>173</F>
        <F>173</F>
        <F>129</F>
        <F>129</F>
      </Row>
      <Row index="97">
        <F>1888.66523</F>
        <F>1891.27987</F>
        <F>37</F>
        <F>38</F>
        <F>172</F>
        <F>173</F>
        <F>130</F>
        <F>129</F>
      </Row>
      <Row index="98">
        <F>1886.04392</F>
        <F>1888.66523</F>
        <F>37</F>
        <F>37</F>
        <F>171</F>
        <F>172</F>
        <F>130</F>
        <F>130</F>
      </Row>
      <Row index="99">
        <F>1883.42928</F>
        <F>1886.04392</F>
        <F>36</F>
        <F>37</F>
        <F>170</F>
        <F>171</F>
        <F>131</F>
        <F>130</F>
      </Row>
      <Row index="100">
        <F>1880.81464</F>
        <F>1883.42928</F>
        <F>35</F>
        <F>36</F>
        <F>169</F>
        <F>170</F>
        <F>131</F>
        <F>131</F>
      </Row>
      <Row index="101">
        <F>1878.2</F>
        <F>1880.81464</F>
        <F>34</F>
        <F>35</F>
        <F>168</F>
        <F>169</F>
        <F>132</F>
        <F>131</F>
      </Row>
      <Row index="102">
        <F>1875.58536</F>
        <F>1878.2</F>
        <F>34</F>
        <F>34</F>
        <F>167</F>
        <F>168</F>
        <F>133</F>
        <F>132</F>
      </Row>
      <Row index="103">
        <F>1872.97072</F>
        <F>1875.58536</F>
        <F>33</F>
        <F>34</F>
        <F>166</F>
        <F>167</F>
        <F>133</F>
        <F>133</F>
      </Row>
      <Row index="104">
        <F>1870.35608</F>
        <F>1872.97072</F>
        <F>33</F>
        <F>33</F>
        <F>165</F>
        <F>166</F>
        <F>133</F>
        <F>133</F>
      </Row>
      <Row index="105">
        <F>1867.73477</F>
        <F>1870.35608</F>
        <F>32</F>
        <F>33</F>
        <F>164</F>
        <F>165</F>
        <F>134</F>
        <F>133</F>
      </Row>
      <Row index="106">
        <F>1865.12013</F>
        <F>1867.73477</F>
        <F>32</F>
        <F>32</F>
        <F>163</F>
        <F>164</F>
        <F>134</F>
        <F>134</F>
      </Row>
      <Row index="107">
        <F>1862.50549</F>
        <F>1865.12013</F>
        <F>31</F>
        <F>32</F>
        <F>162</F>
        <F>163</F>
        <F>135</F>
        <F>134</F>
      </Row>
      <Row index="108">
        <F>1859.89085</F>
        <F>1862.50549</F>
        <F>31</F>
        <F>31</F>
        <F>161</F>
        <F>162</F>
        <F>135</F>
        <F>135</F>
      </Row>
      <Row index="109">
        <F>1857.27621</F>
        <F>1859.89085</F>
        <F>31</F>
        <F>31</F>
        <F>161</F>
        <F>161</F>
        <F>136</F>
        <F>135</F>
      </Row>
      <Row index="110">
        <F>1854.66157</F>
        <F>1857.27621</F>
        <F>31</F>
        <F>31</F>
        <F>160</F>
        <F>161</F>
        <F>136</F>
        <F>136</F>
      </Row>
      <Row index="111">
        <F>1852.04026</F>
        <F>1854.66157</F>
        <F>31</F>
        <F>31</F>
        <F>159</F>
        <F>160</F>
        <F>136</F>
        <F>136</F>
      </Row>
      <Row index="112">
        <F>1849.42562</F>
        <F>1852.04026</F>
        <F>31</F>
        <F>31</F>
        <F>158</F>
        <F>159</F>
        <F>137</F>
        <F>136</F>
      </Row>
      <Row index="113">
        <F>1846.81098</F>
        <F>1849.42562</F>
        <F>30</F>
        <F>31</F>
        <F>157</F>
        <F>158</F>
        <F>137</F>
        <F>137</F>
      </Row>
      <Row index="114">
        <F>1844.19634</F>
        <F>1846.81098</F>
        <F>30</F>
        <F>30</F>
        <F>156</F>
        <F>157</F>
        <F>137</F>
        <F>137</F>
      </Row>
      <Row index="115">
        <F>1841.5817</F>
        <F>1844.19634</F>
        <F>30</F>
        <F>30</F>
        <F>155</F>
        <F>156</F>
        <F>138</F>
        <F>137</F>
      </Row>
      <Row index="116">
        <F>1838.96706</F>
        <F>1841.5817</F>
        <F>31</F>
        <F>30</F>
        <F>154</F>
        <F>155</F>
        <F>138</F>
        <F>138</F>
      </Row>
      <Row index="117">
        <F>1836.34575</F>
        <F>1838.96706</F>
        <F>31</F>
        <F>31</F>
        <F>153</F>
        <F>154</F>
        <F>138</F>
        <F>138</F>
      </Row>
      <Row index="118">
        <F>1833.73111</F>
        <F>1836.34575</F>
        <F>31</F>
        <F>31</F>
        <F>152</F>
        <F>153</F>
        <F>139</F>
        <F>138</F>
      </Row>
      <Row index="119">
        <F>1831.11647</F>
        <F>1833.73111</F>
        <F>31</F>
        <F>31</F>
        <F>151</F>
        <F>152</F>
        <F>139</F>
        <F>139</F>
      </Row>
      <Row index="120">
        <F>1828.50183</F>
        <F>1831.11647</F>
        <F>31</F>
        <F>31</F>
        <F>150</F>
        <F>151</F>
        <F>139</F>
        <F>139</F>
      </Row>
      <Row index="121">
        <F>1825.88719</F>
        <F>1828.50183</F>
        <F>31</F>
        <F>31</F>
        <F>149</F>
        <F>150</F>
        <F>139</F>
        <F>139</F>
      </Row>
      <Row index="122">
        <F>1823.27255</F>
        <F>1825.88719</F>
        <F>31</F>
        <F>31</F>
        <F>148</F>
        <F>149</F>
        <F>140</F>
        <F>139</F>
      </Row>
      <Row index="123">
        <F>1820.65791</F>
        <F>1823.27255</F>
        <F>32</F>
        <F>31</F>
        <F>147</F>
        <F>148</F>
        <F>140</F>
        <F>140</F>
      </Row>
      <Row index="124">
        <F>1818.0366</F>
        <F>1820.65791</F>
        <F>32</F>
        <F>32</F>
        <F>146</F>
        <F>147</F>
        <F>140</F>
        <F>140</F>
      </Row>
      <Row index="125">
        <F>1815.42196</F>
        <F>1818.0366</F>
        <F>32</F>
        <F>32</F>
        <F>146</F>
        <F>146</F>
        <F>140</F>
        <F>140</F>
      </Row>
      <Row index="126">
        <F>1812.80732</F>
        <F>1815.42196</F>
        <F>33</F>
        <F>32</F>
        <F>145</F>
        <F>146</F>
        <F>140</F>
        <F>140</F>
      </Row>
      <Row index="127">
        <F>1810.19268</F>
        <F>1812.80732</F>
        <F>33</F>
        <F>33</F>
        <F>144</F>
        <F>145</F>
        <F>141</F>
        <F>140</F>
      </Row>
      <Row index="128">
        <F>1807.57804</F>
        <F>1810.19268</F>
        <F>33</F>
        <F>33</F>
        <F>143</F>
        <F>144</F>
        <F>141</F>
        <F>141</F>
      </Row>
      <Row index="129">
        <F>1804.9634</F>
        <F>1807.57804</F>
        <F>33</F>
        <F>33</F>
        <F>142</F>
        <F>143</F>
        <F>141</F>
        <F>141</F>
      </Row>
      <Row index="130">
        <F>1802.34209</F>
        <F>1804.9634</F>
        <F>34</F>
        <F>33</F>
        <F>141</F>
        <F>142</F>
        <F>141</F>
        <F>141</F>
      </Row>
      <Row index="131">
        <F>1799.72745</F>
        <F>1802.34209</F>
        <F>34</F>
        <F>34</F>
        <F>140</F>
        <F>141</F>
        <F>141</F>
        <F>141</F>
      </Row>
      <Row index="132">
        <F>1797.11281</F>
        <F>1799.72745</F>
        <F>34</F>
        <F>34</F>
        <F>139</F>
        <F>140</F>
        <F>141</F>
        <F>141</F>
      </Row>
      <Row index="133">
        <F>1794.49817</F>
        <F>1797.11281</F>
        <F>35</F>
        <F>34</F>
        <F>138</F>
        <F>139</F>
        <F>141</F>
        <F>141</F>
      </Row>
      <Row index="134">
        <F>1791.88353</F>
        <F>1794.49817</F>
        <F>35</F>
        <F>35</F>
        <F>137</F>
        <F>138</F>
        <F>142</F>
        <F>141</F>
      </Row>
      <Row index="135">
        <F>1789.26889</F>
        <F>1791.88353</F>
        <F>35</F>
        <F>35</F>
        <F>136</F>
        <F>137</F>
        <F>142</F>
        <F>142</F>
      </Row>
      <Row index="136">
        <F>1786.65425</F>
        <F>1789.26889</F>
        <F>36</F>
        <F>35</F>
        <F>135</F>
        <F>136</F>
        <F>142</F>
        <F>142</F>
      </Row>
      <Row index="137">
        <F>1784.03294</F>
        <F>1786.65425</F>
        <F>36</F>
        <F>36</F>
        <F>134</F>
        <F>135</F>
        <F>142</F>
        <F>142</F>
      </Row>
      <Row index="138">
        <F>1781.4183</F>
        <F>1784.03294</F>
        <F>37</F>
        <F>36</F>
        <F>133</F>
        <F>134</F>
        <F>142</F>
        <F>142</F>
      </Row>
      <Row index="139">
        <F>1778.80366</F>
        <F>1781.4183</F>
        <F>37</F>
        <F>37</F>
        <F>132</F>
        <F>133</F>
        <F>142</F>
        <F>142</F>
      </Row>
      <Row index="140">
        <F>1776.18902</F>
        <F>1778.80366</F>
        <F>37</F>
        <F>37</F>
        <F>131</F>
        <F>132</F>
        <F>142</F>
        <F>142</F>
      </Row>
      <Row index="141">
        <F>1773.57438</F>
        <F>1776.18902</F>
        <F>38</F>
        <F>37</F>
        <F>130</F>
        <F>131</F>
        <F>142</F>
        <F>142</F>
      </Row>
      <Row index="142">
        <F>1770.95974</F>
        <F>1773.57438</F>
        <F>38</F>
        <F>38</F>
        <F>130</F>
        <F>130</F>
        <F>142</F>
        <F>142</F>
      </Row>
      <Row index="143">
        <F>1768.33843</F>
        <F>1770.95974</F>
        <F>38</F>
        <F>38</F>
        <F>129</F>
        <F>130</F>
        <F>142</F>
        <F>142</F>
      </Row>
      <Row index="144">
        <F>1765.72379</F>
        <F>1768.33843</F>
        <F>39</F>
        <F>38</F>
        <F>128</F>
        <F>129</F>
        <F>142</F>
        <F>142</F>
      </Row>
      <Row index="145">
        <F>1763.10915</F>
        <F>1765.72379</F>
        <F>39</F>
        <F>39</F>
        <F>127</F>
        <F>128</F>
        <F>142</F>
        <F>142</F>
      </Row>
      <Row index="146">
        <F>1760.49451</F>
        <F>1763.10915</F>
        <F>39</F>
        <F>39</F>
        <F>126</F>
        <F>127</F>
        <F>142</F>
        <F>142</F>
      </Row>
      <Row index="147">
        <F>1757.87987</F>
        <F>1760.49451</F>
        <F>40</F>
        <F>39</F>
        <F>125</F>
        <F>126</F>
        <F>142</F>
        <F>142</F>
      </Row>
      <Row index="148">
        <F>1755.26523</F>
        <F>1757.87987</F>
        <F>40</F>
        <F>40</F>
        <F>124</F>
        <F>125</F>
        <F>142</F>
        <F>142</F>
      </Row>
      <Row index="149">
        <F>1752.64392</F>
        <F>1755.26523</F>
        <F>41</F>
        <F>40</F>
        <F>123</F>
        <F>124</F>
        <F>142</F>
        <F>142</F>
      </Row>
      <Row index="150">
        <F>1750.02928</F>
        <F>1752.64392</F>
        <F>41</F>
        <F>41</F>
        <F>122</F>
        <F>123</F>
        <F>142</F>
        <F>142</F>
      </Row>
      <Row index="151">
        <F>1747.41464</F>
        <F>1750.02928</F>
        <F>41</F>
        <F>41</F>
        <F>121</F>
        <F>122</F>
        <F>142</F>
        <F>142</F>
      </Row>
      <Row index="152">
        <F>1744.8</F>
        <F>1747.41464</F>
        <F>42</F>
        <F>41</F>
        <F>120</F>
        <F>121</F>
        <F>142</F>
        <F>142</F>
      </Row>
      <Row index="153">
        <F>1742.18536</F>
        <F>1744.8</F>
        <F>42</F>
        <F>42</F>
        <F>119</F>
        <F>120</F>
        <F>142</F>
        <F>142</F>
      </Row>
      <Row index="154">
        <F>1739.57072</F>
        <F>1742.18536</F>
        <F>42</F>
        <F>42</F>
        <F>118</F>
        <F>119</F>
        <F>142</F>
        <F>142</F>
      </Row>
      <Row index="155">
        <F>1736.95608</F>
        <F>1739.57072</F>
        <F>43</F>
        <F>42</F>
        <F>117</F>
        <F>118</F>
        <F>142</F>
        <F>142</F>
      </Row>
      <Row index="156">
        <F>1734.33477</F>
        <F>1736.95608</F>
        <F>43</F>
        <F>43</F>
        <F>116</F>
        <F>117</F>
        <F>142</F>
        <F>142</F>
      </Row>
      <Row index="157">
        <F>1731.72013</F>
        <F>1734.33477</F>
        <F>44</F>
        <F>43</F>
        <F>115</F>
        <F>116</F>
        <F>142</F>
        <F>142</F>
      </Row>
      <Row index="158">
        <F>1729.10549</F>
        <F>1731.72013</F>
        <F>44</F>
        <F>44</F>
        <F>114</F>
        <F>115</F>
        <F>142</F>
        <F>142</F>
      </Row>
      <Row index="159">
        <F>1726.49085</F>
        <F>1729.10549</F>
        <F>44</F>
        <F>44</F>
        <F>113</F>
        <F>114</F>
        <F>142</F>
        <F>142</F>
      </Row>
      <Row index="160">
        <F>1723.87621</F>
        <F>1726.49085</F>
        <F>45</F>
        <F>44</F>
        <F>113</F>
        <F>113</F>
        <F>142</F>
        <F>142</F>
      </Row>
      <Row index="161">
        <F>1721.26157</F>
        <F>1723.87621</F>
        <F>45</F>
        <F>45</F>
        <F>112</F>
        <F>113</F>
        <F>142</F>
        <F>142</F>
      </Row>
      <Row index="162">
        <F>1718.64026</F>
        <F>1721.26157</F>
        <F>46</F>
        <F>45</F>
        <F>111</F>
        <F>112</F>
        <F>142</F>
        <F>142</F>
      </Row>
      <Row index="163">
        <F>1716.02562</F>
        <F>1718.64026</F>
        <F>46</F>
        <F>46</F>
        <F>110</F>
        <F>111</F>
        <F>142</F>
        <F>142</F>
      </Row>
      <Row index="164">
        <F>1713.41098</F>
        <F>1716.02562</F>
        <F>46</F>
        <F>46</F>
        <F>109</F>
        <F>110</F>
        <F>142</F>
        <F>142</F>
      </Row>
      <Row index="165">
        <F>1710.79634</F>
        <F>1713.41098</F>
        <F>47</F>
        <F>46</F>
        <F>108</F>
        <F>109</F>
        <F>142</F>
        <F>142</F>
      </Row>
      <Row index="166">
        <F>1708.1817</F>
        <F>1710.79634</F>
        <F>47</F>
        <F>47</F>
        <F>107</F>
        <F>108</F>
        <F>142</F>
        <F>142</F>
      </Row>
      <Row index="167">
        <F>1705.56706</F>
        <F>1708.1817</F>
        <F>48</F>
        <F>47</F>
        <F>106</F>
        <F>107</F>
        <F>142</F>
        <F>142</F>
      </Row>
      <Row index="168">
        <F>1702.94575</F>
        <F>1705.56706</F>
        <F>48</F>
        <F>48</F>
        <F>105</F>
        <F>106</F>
        <F>142</F>
        <F>142</F>
      </Row>
      <Row index="169">
        <F>1700.33111</F>
        <F>1702.94575</F>
        <F>49</F>
        <F>48</F>
        <F>104</F>
        <F>105</F>
        <F>142</F>
        <F>142</F>
      </Row>
      <Row index="170">
        <F>1697.71647</F>
        <F>1700.33111</F>
        <F>49</F>
        <F>49</F>
        <F>103</F>
        <F>104</F>
        <F>142</F>
        <F>142</F>
      </Row>
      <Row index="171">
        <F>1695.10183</F>
        <F>1697.71647</F>
        <F>49</F>
        <F>49</F>
        <F>102</F>
        <F>103</F>
        <F>142</F>
        <F>142</F>
      </Row>
      <Row index="172">
        <F>1692.48719</F>
        <F>1695.10183</F>
        <F>50</F>
        <F>49</F>
        <F>101</F>
        <F>102</F>
        <F>142</F>
        <F>142</F>
      </Row>
      <Row index="173">
        <F>1689.87255</F>
        <F>1692.48719</F>
        <F>50</F>
        <F>50</F>
        <F>100</F>
        <F>101</F>
        <F>142</F>
        <F>142</F>
      </Row>
      <Row index="174">
        <F>1687.25791</F>
        <F>1689.87255</F>
        <F>51</F>
        <F>50</F>
        <F>99</F>
        <F>100</F>
        <F>141</F>
        <F>142</F>
      </Row>
      <Row index="175">
        <F>1684.6366</F>
        <F>1687.25791</F>
        <F>51</F>
        <F>51</F>
        <F>98</F>
        <F>99</F>
        <F>141</F>
        <F>141</F>
      </Row>
      <Row index="176">
        <F>1682.02196</F>
        <F>1684.6366</F>
        <F>52</F>
        <F>51</F>
        <F>97</F>
        <F>98</F>
        <F>141</F>
        <F>141</F>
      </Row>
      <Row index="177">
        <F>1679.40732</F>
        <F>1682.02196</F>
        <F>52</F>
        <F>52</F>
        <F>96</F>
        <F>97</F>
        <F>141</F>
        <F>141</F>
      </Row>
      <Row index="178">
        <F>1676.79268</F>
        <F>1679.40732</F>
        <F>53</F>
        <F>52</F>
        <F>95</F>
        <F>96</F>
        <F>141</F>
        <F>141</F>
      </Row>
      <Row index="179">
        <F>1674.17804</F>
        <F>1676.79268</F>
        <F>53</F>
        <F>53</F>
        <F>94</F>
        <F>95</F>
        <F>141</F>
        <F>141</F>
      </Row>
      <Row index="180">
        <F>1671.5634</F>
        <F>1674.17804</F>
        <F>54</F>
        <F>53</F>
        <F>93</F>
        <F>94</F>
        <F>141</F>
        <F>141</F>
      </Row>
      <Row index="181">
        <F>1668.94209</F>
        <F>1671.5634</F>
        <F>54</F>
        <F>54</F>
        <F>92</F>
        <F>93</F>
        <F>141</F>
        <F>141</F>
      </Row>
      <Row index="182">
        <F>1666.32745</F>
        <F>1668.94209</F>
        <F>55</F>
        <F>54</F>
        <F>91</F>
        <F>92</F>
        <F>141</F>
        <F>141</F>
      </Row>
      <Row index="183">
        <F>1663.71281</F>
        <F>1666.32745</F>
        <F>55</F>
        <F>55</F>
        <F>90</F>
        <F>91</F>
        <F>140</F>
        <F>141</F>
      </Row>
      <Row index="184">
        <F>1661.09817</F>
        <F>1663.71281</F>
        <F>56</F>
        <F>55</F>
        <F>89</F>
        <F>90</F>
        <F>140</F>
        <F>140</F>
      </Row>
      <Row index="185">
        <F>1658.48353</F>
        <F>1661.09817</F>
        <F>56</F>
        <F>56</F>
        <F>88</F>
        <F>89</F>
        <F>140</F>
        <F>140</F>
      </Row>
      <Row index="186">
        <F>1655.86889</F>
        <F>1658.48353</F>
        <F>57</F>
        <F>56</F>
        <F>86</F>
        <F>88</F>
        <F>140</F>
        <F>140</F>
      </Row>
      <Row index="187">
        <F>1653.25425</F>
        <F>1655.86889</F>
        <F>57</F>
        <F>57</F>
        <F>85</F>
        <F>86</F>
        <F>140</F>
        <F>140</F>
      </Row>
      <Row index="188">
        <F>1650.63294</F>
        <F>1653.25425</F>
        <F>58</F>
        <F>57</F>
        <F>84</F>
        <F>85</F>
        <F>140</F>
        <F>140</F>
      </Row>
      <Row index="189">
        <F>1648.0183</F>
        <F>1650.63294</F>
        <F>58</F>
        <F>58</F>
        <F>83</F>
        <F>84</F>
        <F>139</F>
        <F>140</F>
      </Row>
      <Row index="190">
        <F>1645.40366</F>
        <F>1648.0183</F>
        <F>59</F>
        <F>58</F>
        <F>82</F>
        <F>83</F>
        <F>139</F>
        <F>139</F>
      </Row>
      <Row index="191">
        <F>1642.78902</F>
        <F>1645.40366</F>
        <F>59</F>
        <F>59</F>
        <F>81</F>
        <F>82</F>
        <F>139</F>
        <F>139</F>
      </Row>
      <Row index="192">
        <F>1640.17438</F>
        <F>1642.78902</F>
        <F>60</F>
        <F>59</F>
        <F>80</F>
        <F>81</F>
        <F>139</F>
        <F>139</F>
      </Row>
      <Row index="193">
        <F>1637.55974</F>
        <F>1640.17438</F>
        <F>60</F>
        <F>60</F>
        <F>79</F>
        <F>80</F>
        <F>138</F>
        <F>139</F>
      </Row>
      <Row index="194">
        <F>1634.93843</F>
        <F>1637.55974</F>
        <F>61</F>
        <F>60</F>
        <F>78</F>
        <F>79</F>
        <F>138</F>
        <F>138</F>
      </Row>
      <Row index="195">
        <F>1632.32379</F>
        <F>1634.93843</F>
        <F>61</F>
        <F>61</F>
        <F>77</F>
        <F>78</F>
        <F>138</F>
        <F>138</F>
      </Row>
      <Row index="196">
        <F>1629.70915</F>
        <F>1632.32379</F>
        <F>62</F>
        <F>61</F>
        <F>76</F>
        <F>77</F>
        <F>138</F>
        <F>138</F>
      </Row>
      <Row index="197">
        <F>1627.09451</F>
        <F>1629.70915</F>
        <F>62</F>
        <F>62</F>
        <F>74</F>
        <F>76</F>
        <F>137</F>
        <F>138</F>
      </Row>
      <Row index="198">
        <F>1624.47987</F>
        <F>1627.09451</F>
        <F>62</F>
        <F>62</F>
        <F>73</F>
        <F>74</F>
        <F>137</F>
        <F>137</F>
      </Row>
      <Row index="199">
        <F>1621.86523</F>
        <F>1624.47987</F>
        <F>63</F>
        <F>62</F>
        <F>72</F>
        <F>73</F>
        <F>137</F>
        <F>137</F>
      </Row>
      <Row index="200">
        <F>1619.24392</F>
        <F>1621.86523</F>
        <F>63</F>
        <F>63</F>
        <F>71</F>
        <F>72</F>
        <F>136</F>
        <F>137</F>
      </Row>
      <Row index="201">
        <F>1616.62928</F>
        <F>1619.24392</F>
        <F>64</F>
        <F>63</F>
        <F>70</F>
        <F>71</F>
        <F>136</F>
        <F>136</F>
      </Row>
      <Row index="202">
        <F>1614.01464</F>
        <F>1616.62928</F>
        <F>64</F>
        <F>64</F>
        <F>69</F>
        <F>70</F>
        <F>136</F>
        <F>136</F>
      </Row>
      <Row index="203">
        <F>1611.4</F>
        <F>1614.01464</F>
        <F>65</F>
        <F>64</F>
        <F>68</F>
        <F>69</F>
        <F>135</F>
        <F>136</F>
      </Row>
      <Row index="204">
        <F>1608.78536</F>
        <F>1611.4</F>
        <F>65</F>
        <F>65</F>
        <F>66</F>
        <F>68</F>
        <F>135</F>
        <F>135</F>
      </Row>
      <Row index="205">
        <F>1606.17072</F>
        <F>1608.78536</F>
        <F>66</F>
        <F>65</F>
        <F>65</F>
        <F>66</F>
        <F>134</F>
        <F>135</F>
      </Row>
      <Row index="206">
        <F>1603.55608</F>
        <F>1606.17072</F>
        <F>66</F>
        <F>66</F>
        <F>64</F>
        <F>65</F>
        <F>134</F>
        <F>134</F>
      </Row>
      <Row index="207">
        <F>1600.93477</F>
        <F>1603.55608</F>
        <F>66</F>
        <F>66</F>
        <F>63</F>
        <F>64</F>
        <F>133</F>
        <F>134</F>
      </Row>
      <Row index="208">
        <F>1598.32013</F>
        <F>1600.93477</F>
        <F>67</F>
        <F>66</F>
        <F>62</F>
        <F>63</F>
        <F>133</F>
        <F>133</F>
      </Row>
      <Row index="209">
        <F>1595.70549</F>
        <F>1598.32013</F>
        <F>67</F>
        <F>67</F>
        <F>61</F>
        <F>62</F>
        <F>132</F>
        <F>133</F>
      </Row>
      <Row index="210">
        <F>1593.09085</F>
        <F>1595.70549</F>
        <F>68</F>
        <F>67</F>
        <F>59</F>
        <F>61</F>
        <F>132</F>
        <F>132</F>
      </Row>
      <Row index="211">
        <F>1590.47621</F>
        <F>1593.09085</F>
        <F>68</F>
        <F>68</F>
        <F>58</F>
        <F>59</F>
        <F>131</F>
        <F>132</F>
      </Row>
      <Row index="212">
        <F>1587.86157</F>
        <F>1590.47621</F>
        <F>68</F>
        <F>68</F>
        <F>57</F>
        <F>58</F>
        <F>131</F>
        <F>131</F>
      </Row>
      <Row index="213">
        <F>1585.24026</F>
        <F>1587.86157</F>
        <F>69</F>
        <F>68</F>
        <F>56</F>
        <F>57</F>
        <F>130</F>
        <F>131</F>
      </Row>
      <Row index="214">
        <F>1582.62562</F>
        <F>1585.24026</F>
        <F>69</F>
        <F>69</F>
        <F>55</F>
        <F>56</F>
        <F>129</F>
        <F>130</F>
      </Row>
      <Row index="215">
        <F>1580.01098</F>
        <F>1582.62562</F>
        <F>69</F>
        <F>69</F>
        <F>53</F>
        <F>55</F>
        <F>129</F>
        <F>129</F>
      </Row>
      <Row index="216">
        <F>1577.39634</F>
        <F>1580.01098</F>
        <F>70</F>
        <F>69</F>
        <F>52</F>
        <F>53</F>
        <F>128</F>
        <F>129</F>
      </Row>
      <Row index="217">
        <F>1574.7817</F>
        <F>1577.39634</F>
        <F>70</F>
        <F>70</F>
        <F>51</F>
        <F>52</F>
        <F>127</F>
        <F>128</F>
      </Row>
      <Row index="218">
        <F>1572.16706</F>
        <F>1574.7817</F>
        <F>70</F>
        <F>70</F>
        <F>50</F>
        <F>51</F>
        <F>126</F>
        <F>127</F>
      </Row>
      <Row index="219">
        <F>1569.54575</F>
        <F>1572.16706</F>
        <F>70</F>
        <F>70</F>
        <F>48</F>
        <F>50</F>
        <F>126</F>
        <F>126</F>
      </Row>
      <Row index="220">
        <F>1566.93111</F>
        <F>1569.54575</F>
        <F>71</F>
        <F>70</F>
        <F>47</F>
        <F>48</F>
        <F>125</F>
        <F>126</F>
      </Row>
      <Row index="221">
        <F>1564.31647</F>
        <F>1566.93111</F>
        <F>71</F>
        <F>71</F>
        <F>46</F>
        <F>47</F>
        <F>124</F>
        <F>125</F>
      </Row>
      <Row index="222">
        <F>1561.70183</F>
        <F>1564.31647</F>
        <F>71</F>
        <F>71</F>
        <F>45</F>
        <F>46</F>
        <F>123</F>
        <F>124</F>
      </Row>
      <Row index="223">
        <F>1559.08719</F>
        <F>1561.70183</F>
        <F>71</F>
        <F>71</F>
        <F>44</F>
        <F>45</F>
        <F>122</F>
        <F>123</F>
      </Row>
      <Row index="224">
        <F>1556.47255</F>
        <F>1559.08719</F>
        <F>71</F>
        <F>71</F>
        <F>42</F>
        <F>44</F>
        <F>122</F>
        <F>122</F>
      </Row>
      <Row index="225">
        <F>1553.85791</F>
        <F>1556.47255</F>
        <F>72</F>
        <F>71</F>
        <F>41</F>
        <F>42</F>
        <F>121</F>
        <F>122</F>
      </Row>
      <Row index="226">
        <F>1551.2366</F>
        <F>1553.85791</F>
        <F>72</F>
        <F>72</F>
        <F>40</F>
        <F>41</F>
        <F>120</F>
        <F>121</F>
      </Row>
      <Row index="227">
        <F>1548.62196</F>
        <F>1551.2366</F>
        <F>72</F>
        <F>72</F>
        <F>38</F>
        <F>40</F>
        <F>119</F>
        <F>120</F>
      </Row>
      <Row index="228">
        <F>1546.00732</F>
        <F>1548.62196</F>
        <F>72</F>
        <F>72</F>
        <F>37</F>
        <F>38</F>
        <F>118</F>
        <F>119</F>
      </Row>
      <Row index="229">
        <F>1543.39268</F>
        <F>1546.00732</F>
        <F>72</F>
        <F>72</F>
        <F>36</F>
        <F>37</F>
        <F>117</F>
        <F>118</F>
      </Row>
      <Row index="230">
        <F>1540.77804</F>
        <F>1543.39268</F>
        <F>72</F>
        <F>72</F>
        <F>35</F>
        <F>36</F>
        <F>116</F>
        <F>117</F>
      </Row>
      <Row index="231">
        <F>1538.1634</F>
        <F>1540.77804</F>
        <F>72</F>
        <F>72</F>
        <F>33</F>
        <F>35</F>
        <F>115</F>
        <F>116</F>
      </Row>
      <Row index="232">
        <F>1535.54209</F>
        <F>1538.1634</F>
        <F>72</F>
        <F>72</F>
        <F>32</F>
        <F>33</F>
        <F>113</F>
        <F>115</F>
      </Row>
      <Row index="233">
        <F>1532.92745</F>
        <F>1535.54209</F>
        <F>72</F>
        <F>72</F>
        <F>31</F>
        <F>32</F>
        <F>112</F>
        <F>113</F>
      </Row>
      <Row index="234">
        <F>1530.31281</F>
        <F>1532.92745</F>
        <F>72</F>
        <F>72</F>
        <F>29</F>
        <F>31</F>
        <F>111</F>
        <F>112</F>
      </Row>
      <Row index="235">
        <F>1527.69817</F>
        <F>1530.31281</F>
        <F>72</F>
        <F>72</F>
        <F>28</F>
        <F>29</F>
        <F>110</F>
        <F>111</F>
      </Row>
      <Row index="236">
        <F>1525.08353</F>
        <F>1527.69817</F>
        <F>72</F>
        <F>72</F>
        <F>27</F>
        <F>28</F>
        <F>109</F>
        <F>110</F>
      </Row>
      <Row index="237">
        <F>1522.46889</F>
        <F>1525.08353</F>
        <F>72</F>
        <F>72</F>
        <F>26</F>
        <F>27</F>
        <F>108</F>
        <F>109</F>
      </Row>
      <Row index="238">
        <F>1519.85425</F>
        <F>1522.46889</F>
        <F>72</F>
        <F>72</F>
        <F>24</F>
        <F>26</F>
        <F>106</F>
        <F>108</F>
      </Row>
      <Row index="239">
        <F>1517.23294</F>
        <F>1519.85425</F>
        <F>72</F>
        <F>72</F>
        <F>23</F>
        <F>24</F>
        <F>105</F>
        <F>106</F>
      </Row>
      <Row index="240">
        <F>1514.6183</F>
        <F>1517.23294</F>
        <F>72</F>
        <F>72</F>
        <F>22</F>
        <F>23</F>
        <F>104</F>
        <F>105</F>
      </Row>
      <Row index="241">
        <F>1512.00366</F>
        <F>1514.6183</F>
        <F>72</F>
        <F>72</F>
        <F>20</F>
        <F>22</F>
        <F>103</F>
        <F>104</F>
      </Row>
      <Row index="242">
        <F>1509.38902</F>
        <F>1512.00366</F>
        <F>71</F>
        <F>72</F>
        <F>19</F>
        <F>20</F>
        <F>101</F>
        <F>103</F>
      </Row>
      <Row index="243">
        <F>1506.77438</F>
        <F>1509.38902</F>
        <F>71</F>
        <F>71</F>
        <F>17</F>
        <F>19</F>
        <F>100</F>
        <F>101</F>
      </Row>
      <Row index="244">
        <F>1504.15974</F>
        <F>1506.77438</F>
        <F>71</F>
        <F>71</F>
        <F>16</F>
        <F>17</F>
        <F>99</F>
        <F>100</F>
      </Row>
      <Row index="245">
        <F>1501.53843</F>
        <F>1504.15974</F>
        <F>71</F>
        <F>71</F>
        <F>14</F>
        <F>16</F>
        <F>97</F>
        <F>99</F>
      </Row>
      <Row index="246">
        <F>1498.92379</F>
        <F>1501.53843</F>
        <F>71</F>
        <F>71</F>
        <F>13</F>
        <F>14</F>
        <F>96</F>
        <F>97</F>
      </Row>
      <Row index="247">
        <F>1496.30915</F>
        <F>1498.92379</F>
        <F>70</F>
        <F>71</F>
        <F>11</F>
        <F>13</F>
        <F>94</F>
        <F>96</F>
      </Row>
      <Row index="248">
        <F>1493.69451</F>
        <F>1496.30915</F>
        <F>70</F>
        <F>70</F>
        <F>10</F>
        <F>11</F>
        <F>93</F>
        <F>94</F>
      </Row>
      <Row index="249">
        <F>1491.07987</F>
        <F>1493.69451</F>
        <F>70</F>
        <F>70</F>
        <F>8</F>
        <F>10</F>
        <F>92</F>
        <F>93</F>
      </Row>
      <Row index="250">
        <F>1488.46523</F>
        <F>1491.07987</F>
        <F>70</F>
        <F>70</F>
        <F>7</F>
        <F>8</F>
        <F>90</F>
        <F>92</F>
      </Row>
      <Row index="251">
        <F>1485.84392</F>
        <F>1488.46523</F>
        <F>69</F>
        <F>70</F>
        <F>5</F>
        <F>7</F>
        <F>89</F>
        <F>90</F>
      </Row>
      <Row index="252">
        <F>1483.22928</F>
        <F>1485.84392</F>
        <F>69</F>
        <F>69</F>
        <F>4</F>
        <F>5</F>
        <F>87</F>
        <F>89</F>
      </Row>
      <Row index="253">
        <F>1480.61464</F>
        <F>1483.22928</F>
        <F>68</F>
        <F>69</F>
        <F>2</F>
        <F>4</F>
        <F>86</F>
        <F>87</F>
      </Row>
      <Row index="254">
        <F>1478</F>
        <F>1480.61464</F>
        <F>68</F>
        <F>68</F>
        <F>1</F>
        <F>2</F>
        <F>84</F>
        <F>86</F>
      </Row>
    </GDALRasterAttributeTable>
    <Metadata>
      <MDI key="STATISTICS_MAXIMUM">2145</MDI>
      <MDI key="STATISTICS_MEAN">1942.0421024758</MDI>
      <MDI key="STATISTICS_MINIMUM">1478</MDI>
      <MDI key="STATISTICS_STDDEV">242.59842561117</MDI>
    </Metadata>
  </PAMRasterBand>
</PAMDataset>
